id,first_name,last_name,email
768805383,Liuka,Hickisson,lhickisson0@jigsy.com
818770008,Franny,Abrahamowitcz,fabrahamowitcz1@w3.org
713982108,Kay,Haggard,khaggard2@va.gov
769911858,Ikey,Fitton,ifitton3@dailymotion.com
709106358,Erich,Downe,edowne4@blogs.com
713061558,Augustin,Jennions,ajennions5@free.fr
810347208,Stafani,Burnham,sburnham6@census.gov
818906208,Lavinie,Heugle,lheugle7@wsj.com
710930508,Adela,Gockelen,agockelen8@163.com
719661558,Gabey,Magarrell,gmagarrell9@t.co
708790833,Brooke,Melliard,bmelliarda@youku.com
710821833,Carmencita,Acreman,cacremanb@usgs.gov
710599683,Marlon,Hollingdale,mhollingdalec@nifty.com
816082233,Lauren,Beaudry,lbeaudryd@exblog.jp
712396908,Tomi,Slograve,tslogravee@wiley.com
714885258,Kendell,McKeating,kmckeatingf@miitbeian.gov.cn
709967358,Addy,Witchell,awitchellg@buzzfeed.com
753327333,Paul,Coldbathe,pcoldbatheh@weibo.com
806160108,Benedetta,Barlace,bbarlacei@rakuten.co.jp
709327383,Diana,Havenhand,dhavenhandj@hud.gov
806165208,Ranna,Richel,rrichelk@domainmarket.com
708508758,Land,Slegg,lsleggl@barnesandnoble.com
784725333,Rosanna,Ferrillo,rferrillom@live.com
811604133,Morgan,Robberts,mrobbertsn@omniture.com
789124683,Christoph,Waleran,cwalerano@irs.gov
771071958,Lucila,Endon,lendonp@is.gd
720466383,Terza,Andrioni,tandrioniq@psu.edu
804424383,Paten,McKinie,pmckinier@quantcast.com
718813833,Joycelin,Deboo,jdeboos@purevolume.com
806624208,Rochella,Gilfether,rgilfethert@google.de
778348233,Pennie,Corbishley,pcorbishleyu@edublogs.org
712991808,Bent,Tunnick,btunnickv@github.com
709029408,Erica,Tabourel,etabourelw@wordpress.org
788658483,Tamqrah,Bristowe,tbristowex@slate.com
787937058,Giff,Monnelly,gmonnellyy@bizjournals.com
715318008,Mechelle,Coolson,mcoolsonz@opensource.org
713962233,Silvanus,Raynham,sraynham10@mail.ru
785432733,Yvette,Demaine,ydemaine11@imgur.com
715190283,Fredek,Martini,fmartini12@bing.com
708300483,Kelcy,Roseaman,kroseaman13@netlog.com
827111283,Marylinda,Colomb,mcolomb14@homestead.com
758551608,Blaire,O'Hagirtie,bohagirtie15@hostgator.com
773146383,Prentice,Sket,psket16@mail.ru
778493808,Nevil,Moule,nmoule17@europa.eu
720572508,Lorrin,Granleese,lgranleese18@netvibes.com
712661433,Sibby,Santus,ssantus19@mail.ru
789172683,Puff,Ayars,payars1a@dagondesign.com
738406533,Robb,Ledgley,rledgley1b@ftc.gov
799723908,Clim,Lambdin,clambdin1c@weather.com
771490833,Nicoli,Pert,npert1d@unblog.fr
720756708,Marion,Speaks,mspeaks1e@techcrunch.com
779471883,Cami,Bernardot,cbernardot1f@phoca.cz
711525033,Kimble,Scoone,kscoone1g@mapquest.com
712813458,Alvinia,Lorente,alorente1h@odnoklassniki.ru
714374133,Garwin,Lys,glys1i@wikimedia.org
717891558,Dani,Chrippes,dchrippes1j@google.ru
716632758,Georgina,Havers,ghavers1k@eepurl.com
768563658,Alyce,De Bernardi,adebernardi1l@myspace.com
711427458,Junia,Coslitt,jcoslitt1m@yelp.com
714091983,Malvin,Drinkhall,mdrinkhall1n@cbc.ca
787584108,Konrad,Timny,ktimny1o@usnews.com
712030833,Parrnell,Balsellie,pbalsellie1p@ebay.com
711481533,Ilene,Eastbrook,ieastbrook1q@issuu.com
710082708,Karisa,Acosta,kacosta1r@trellian.com
708155733,Marrilee,Annies,mannies1s@pagesperso-orange.fr
788979258,Eyde,Mellem,emellem1t@ezinearticles.com
807986133,Rowe,Ryde,rryde1u@networkadvertising.org
788730933,Waverley,Shirtliff,wshirtliff1v@nhs.uk
711314058,Cort,Burdas,cburdas1w@ftc.gov
717975333,Jackquelin,Cherrison,jcherrison1x@artisteer.com
715971108,Sela,Howett,showett1y@sphinn.com
720096558,Armstrong,Hinrichsen,ahinrichsen1z@is.gd
719580033,Dorotea,Leather,dleather20@goodreads.com
820582308,Scarlet,Jeary,sjeary21@scribd.com
789973308,Inglebert,Swyn,iswyn22@topsy.com
712876233,Natividad,Bracco,nbracco23@lulu.com
804595158,Kathrine,Kramer,kkramer24@senate.gov
714826758,Odie,Corteis,ocorteis25@economist.com
779058108,Ellswerth,Brearty,ebrearty26@scientificamerican.com
710790258,Ula,Dunthorne,udunthorne27@woothemes.com
715623483,Gaven,Provest,gprovest28@hostgator.com
715156383,Shamus,Willshaw,swillshaw29@cocolog-nifty.com
711013983,Ailina,Huskinson,ahuskinson2a@meetup.com
755420433,Vanny,Piff,vpiff2b@umn.edu
794543958,Devland,Raittie,draittie2c@shutterfly.com
716396358,Atalanta,Hansell,ahansell2d@amazon.com
715398033,Lizabeth,Thomsen,lthomsen2e@hubpages.com
711743883,Cristie,Tulk,ctulk2f@networkadvertising.org
719720058,Mahalia,Patise,mpatise2g@salon.com
778992108,Alwyn,Wilcinskis,awilcinskis2h@nasa.gov
717539808,Madelin,Gasparro,mgasparro2i@nps.gov
714070758,Sella,Schanke,sschanke2j@reverbnation.com
714107958,Lexi,Cathersides,lcathersides2k@etsy.com
789140283,Neile,McGougan,nmcgougan2l@hud.gov
715550508,Maggee,Pierpoint,mpierpoint2m@example.com
719712633,Zaccaria,Sirl,zsirl2n@sourceforge.net
772629333,Morie,Treagus,mtreagus2o@prweb.com
720336708,Ira,O'Boyle,ioboyle2p@dmoz.org
802013583,Jackie,Pranger,jpranger2q@china.com.cn
711887583,Marty,Maccrie,mmaccrie2r@huffingtonpost.com
714778833,Elianore,Gartenfeld,egartenfeld2s@paginegialle.it
713843283,Aloisia,Nilles,anilles2t@wufoo.com
779155158,Katee,Hainning,khainning2u@hubpages.com
721091583,Sterling,Owbridge,sowbridge2v@multiply.com
713572683,Petra,Senchenko,psenchenko2w@dion.ne.jp
716657058,Giovanni,Blaby,gblaby2x@discovery.com
779509983,Aigneis,Antuoni,aantuoni2y@cbsnews.com
717929133,Bryana,Dimbylow,bdimbylow2z@icq.com
808284783,Mercie,Sabater,msabater30@oracle.com
708476808,Noak,Logsdale,nlogsdale31@dmoz.org
710916408,Den,Cowden,dcowden32@addtoany.com
708492558,Wandie,Shill,wshill33@sphinn.com
799825758,Lise,Braidman,lbraidman34@fema.gov
718619883,Correna,McLeman,cmcleman35@bandcamp.com
711844758,Sisely,Tosdevin,stosdevin36@spotify.com
714798783,Wendall,Hutson,whutson37@businessweek.com
826762908,Augusto,Sheers,asheers38@discuz.net
771894558,Matelda,Shillitto,mshillitto39@ocn.ne.jp
721074183,Kare,Toulch,ktoulch3a@goo.gl
715259583,Willa,Chimenti,wchimenti3b@senate.gov
718414008,Gardiner,Brecon,gbrecon3c@who.int
719666283,Rhodia,Niemetz,rniemetz3d@storify.com
714877233,Muffin,Chaff,mchaff3e@1688.com
785387883,Jonis,Hrinchishin,jhrinchishin3f@clickbank.net
771075258,Sayre,Fidock,sfidock3g@deviantart.com
711318033,Jereme,Screase,jscrease3h@typepad.com
783554958,Angelita,Reese,areese3i@unesco.org
720201033,L;urette,Schubbert,lschubbert3j@spiegel.de
718039683,Annie,Dunkinson,adunkinson3k@drupal.org
710806083,Orson,Ford,oford3l@washingtonpost.com
714752208,Jamesy,Pactat,jpactat3m@netlog.com
822063408,Lionello,Playfoot,lplayfoot3n@constantcontact.com
714490308,Collette,Rudall,crudall3o@amazonaws.com
713356833,Margo,Kedslie,mkedslie3p@oakley.com
711402333,Sibella,Leavy,sleavy3q@multiply.com
708296883,Eleni,Ghione,eghione3r@wikimedia.org
719154483,Roselin,Farnish,rfarnish3s@acquirethisname.com
717721458,Phelia,Zuan,pzuan3t@networkadvertising.org
711112683,Rhea,Tire,rtire3u@ocn.ne.jp
715674483,Gregor,Frushard,gfrushard3v@berkeley.edu
789322833,Joann,Leghorn,jleghorn3w@oakley.com
789968058,Tiebold,GiacobbiniJacob,tgiacobbinijacob3x@simplemachines.org
709919283,Maighdiln,Ahrens,mahrens3y@networkadvertising.org
718744008,Hermon,Spear,hspear3z@reuters.com
767712558,Robinett,Cater,rcater40@ifeng.com
712950783,Stephan,Silverlock,ssilverlock41@github.com
716104983,Louisa,Elsmore,lelsmore42@fema.gov
818839983,Mitchell,Schimek,mschimek43@nationalgeographic.com
772288758,Poppy,Tawton,ptawton44@google.fr
712350858,Breanne,Bastide,bbastide45@slate.com
711009708,Guss,Regardsoe,gregardsoe46@ifeng.com
712720158,Ebenezer,Pactat,epactat47@senate.gov
712215258,Jena,Warlowe,jwarlowe48@purevolume.com
773827008,Marcello,Delieu,mdelieu49@feedburner.com
795232683,Page,Jeffcoat,pjeffcoat4a@miibeian.gov.cn
713786508,Clerkclaude,Kira,ckira4b@moonfruit.com
713539833,Tana,Whittam,twhittam4c@plala.or.jp
712454058,Rafa,Yelden,ryelden4d@wikia.com
718759833,Danette,Gallimore,dgallimore4e@tmall.com
718803333,Harry,Meller,hmeller4f@sphinn.com
720253908,Chev,Warlaw,cwarlaw4g@domainmarket.com
714133158,Nolana,O' Brian,nobrian4h@rambler.ru
713187033,Brodie,Beames,bbeames4i@ihg.com
714791208,Holt,Wing,hwing4j@google.com.au
772426383,Baxter,Piperley,bpiperley4k@hostgator.com
710975883,Wynn,Baggelley,wbaggelley4l@moonfruit.com
714264408,Adrianna,Marriot,amarriot4m@merriam-webster.com
715827858,Jose,Maestrini,jmaestrini4n@cnbc.com
713741358,Wilt,Stollenbeck,wstollenbeck4o@dropbox.com
709531908,Etheline,Ren,eren4p@reuters.com
716493408,Elwira,O'Tierney,eotierney4q@geocities.jp
714141108,Dorise,Morteo,dmorteo4r@linkedin.com
708953883,Sher,Haskayne,shaskayne4s@timesonline.co.uk
712608783,Gayel,Crevagh,gcrevagh4t@hhs.gov
820353558,Cole,Scaice,cscaice4u@ed.gov
714964758,Akim,Benedidick,abenedidick4v@foxnews.com
716264358,Paolo,O'Heagertie,poheagertie4w@yahoo.co.jp
717296808,Tremayne,Bursnoll,tbursnoll4x@uol.com.br
712977183,Sidonia,Veivers,sveivers4y@loc.gov
710829108,Dickie,Eliff,deliff4z@google.com.br
779562633,Randene,Lavrick,rlavrick50@cloudflare.com
715315833,Thalia,Grist,tgrist51@bloglines.com
815500983,Bernadine,Christian,bchristian52@blogspot.com
719360583,Freda,Holbury,fholbury53@sciencedirect.com
709701558,Fred,Veque,fveque54@xinhuanet.com
721148358,Samuel,Bimrose,sbimrose55@sakura.ne.jp
779862408,Charline,Canner,ccanner56@so-net.ne.jp
812627208,Ozzy,Ondrus,oondrus57@cmu.edu
711033408,Bianca,Argont,bargont58@walmart.com
779956608,Sheila,Tesauro,stesauro59@php.net
780376683,Caren,Ramberg,cramberg5a@homestead.com
717912483,Milly,Coleshill,mcoleshill5b@arstechnica.com
714454758,Chrysler,Spaduzza,cspaduzza5c@huffingtonpost.com
780466533,Crystal,Clayborn,cclayborn5d@sun.com
715735233,Alyosha,Bogies,abogies5e@goodreads.com
720476733,Lothaire,Root,lroot5f@uol.com.br
715872333,Corinne,Endecott,cendecott5g@ted.com
712375758,Timofei,Andriss,tandriss5h@networksolutions.com
708868233,Felike,Gosker,fgosker5i@tmall.com
718030083,Upton,Brunskill,ubrunskill5j@blogtalkradio.com
720707283,Harley,Scammell,hscammell5k@ovh.net
771698658,Gerome,Pindell,gpindell5l@sciencedirect.com
748326258,Aundrea,Fright,afright5m@cloudflare.com
770817783,Anestassia,Casper,acasper5n@gmpg.org
779353083,Blithe,Pigot,bpigot5o@acquirethisname.com
711441333,Seka,Maden,smaden5p@hostgator.com
719808558,Antonino,Garlant,agarlant5q@fastcompany.com
711551958,Pearle,Brumham,pbrumham5r@cargocollective.com
809164083,Benjamin,Roseburgh,broseburgh5s@shareasale.com
820596183,Mathilda,Fosserd,mfosserd5t@dot.gov
715999608,Micah,Adami,madami5u@wikipedia.org
710565408,Janey,Valance,jvalance5v@feedburner.com
805543158,Elnora,Moakes,emoakes5w@yelp.com
709752183,Donnamarie,Lantry,dlantry5x@naver.com
716479233,Sigismondo,Denness,sdenness5y@wp.com
713837058,Richy,Wisham,rwisham5z@privacy.gov.au
718876683,Kimberlyn,Shmyr,kshmyr60@technorati.com
770746908,Rustin,McNeice,rmcneice61@aboutads.info
794843883,Ludvig,Ellicombe,lellicombe62@rambler.ru
803043933,Thekla,Yannoni,tyannoni63@weather.com
758076408,Amelia,Velden,avelden64@google.com.hk
714606558,Piggy,Garlinge,pgarlinge65@msu.edu
778425408,Noelani,Sillars,nsillars66@biglobe.ne.jp
714171108,Mada,Linge,mlinge67@google.pl
719662458,Shea,MacGaughey,smacgaughey68@si.edu
713137233,Inna,Brewin,ibrewin69@businesswire.com
769425858,Bell,Sambells,bsambells6a@bravesites.com
711297483,Larine,Ben,lben6b@mayoclinic.com
788900883,Aidan,Glasby,aglasby6c@sogou.com
758348808,Doretta,Dell,ddell6d@disqus.com
772336458,Arnaldo,Hothersall,ahothersall6e@ox.ac.uk
708711483,Bowie,Aldhouse,baldhouse6f@nydailynews.com
717906783,Sharai,Pietron,spietron6g@mac.com
719437908,Annaliese,Maddie,amaddie6h@dagondesign.com
769433508,Robbin,Milam,rmilam6i@reddit.com
790096533,Dalli,Boyd,dboyd6j@google.co.jp
720997383,Wake,Berceros,wberceros6k@craigslist.org
787541883,Hyatt,Briant,hbriant6l@php.net
709930758,Rosanne,Bartolomucci,rbartolomucci6m@cdc.gov
789830058,Mord,Pactat,mpactat6n@nationalgeographic.com
710299608,Gaelan,McGilroy,gmcgilroy6o@myspace.com
710741208,Florina,Kroin,fkroin6p@nytimes.com
821797008,Lars,Bovingdon,lbovingdon6q@ed.gov
708874533,Hilda,Spare,hspare6r@ifeng.com
715341858,Humbert,Henriet,hhenriet6s@ifeng.com
793636308,Elmore,Flanner,eflanner6t@house.gov
713779908,Lynda,Skelly,lskelly6u@addthis.com
712125258,Brennen,Acutt,bacutt6v@yellowpages.com
709703433,Ivette,Brounsell,ibrounsell6w@imageshack.us
721022433,Shadow,Peek,speek6x@google.co.uk
710103558,Ursulina,Reay,ureay6y@economist.com
715952883,Windham,Dirkin,wdirkin6z@biglobe.ne.jp
719731458,Lindie,Harroway,lharroway70@w3.org
772390908,Greg,Audry,gaudry71@amazon.com
787348608,Beverly,Garnar,bgarnar72@ted.com
709485033,Patrizia,Munby,pmunby73@mozilla.org
715432608,Judas,Ajam,jajam74@rambler.ru
799471833,Hervey,Hollyman,hhollyman75@51.la
714187533,Harri,Gordon,hgordon76@de.vu
779656908,Addy,Medcraft,amedcraft77@bbc.co.uk
788950158,Den,Cacacie,dcacacie78@psu.edu
778867533,Gizela,Brackenbury,gbrackenbury79@oakley.com
710620383,Ally,Kitchiner,akitchiner7a@i2i.jp
778661358,Belicia,Legat,blegat7b@seattletimes.com
789483333,Hamil,Caird,hcaird7c@cmu.edu
809855808,Lilia,Rampton,lrampton7d@hostgator.com
718464258,Ddene,Sallowaye,dsallowaye7e@arstechnica.com
708528483,Wayland,Stores,wstores7f@printfriendly.com
771809733,Hewie,Stiegers,hstiegers7g@google.com.hk
719942883,Belia,Berard,bberard7h@deliciousdays.com
807226683,Maureene,Elsmor,melsmor7i@a8.net
717806133,Ivor,O' Markey,iomarkey7j@google.ca
720615708,Earlie,Altofts,ealtofts7k@bizjournals.com
714511758,Danna,Simo,dsimo7l@google.com.au
715050408,Catlin,Mailes,cmailes7m@vistaprint.com
721132233,Tiena,Parkeson,tparkeson7n@reddit.com
719211558,Allister,Rettie,arettie7o@phpbb.com
712069008,Dorris,Noquet,dnoquet7p@shutterfly.com
715996983,Armstrong,Cunnow,acunnow7q@squarespace.com
773466258,Biron,Openshaw,bopenshaw7r@wikimedia.org
798983508,Willabella,McGinley,wmcginley7s@apple.com
719117433,Alister,Filippone,afilippone7t@hc360.com
716451183,Zuzana,Hutson,zhutson7u@statcounter.com
718621608,Laurens,Cowope,lcowope7v@istockphoto.com
715085733,Adrea,Brixey,abrixey7w@ft.com
788977833,Lia,Lempertz,llempertz7x@hexun.com
720272958,Gertrude,Capstack,gcapstack7y@twitpic.com
708421833,Rozanna,Antic,rantic7z@google.de
709173108,Poul,Lumbley,plumbley80@w3.org
709879458,Nisse,March,nmarch81@engadget.com
715120608,Maurizia,Piddle,mpiddle82@pcworld.com
770632758,Edyth,Housden,ehousden83@ocn.ne.jp
779078733,Leonardo,Clemon,lclemon84@friendfeed.com
771742533,Reilly,Paolone,rpaolone85@discovery.com
720250158,Brigida,Yoodall,byoodall86@uiuc.edu
716458983,Jedd,Littlecote,jlittlecote87@dagondesign.com
713747733,Corty,Poate,cpoate88@va.gov
712270158,Jaymie,Alldre,jalldre89@google.nl
789562383,Kathryne,Entwhistle,kentwhistle8a@cbsnews.com
754897008,Joana,Condict,jcondict8b@weather.com
819700533,Winslow,Gubbin,wgubbin8c@google.ca
712890408,Kial,Smaleman,ksmaleman8d@dagondesign.com
720248208,Chrisy,Botley,cbotley8e@china.com.cn
779749908,Lorrayne,Mulvy,lmulvy8f@desdev.cn
717401883,Monti,Heinish,mheinish8g@eventbrite.com
721509558,Lucius,Seppey,lseppey8h@house.gov
710572458,Alayne,MacGregor,amacgregor8i@comsenz.com
714576183,Odelia,O'Scannill,ooscannill8j@cnbc.com
721425558,Fanechka,Ewles,fewles8k@about.com
711109908,Ericka,Philippsohn,ephilippsohn8l@e-recht24.de
715203108,Esra,Katte,ekatte8m@weibo.com
710027508,Frank,Kasting,fkasting8n@domainmarket.com
787464408,Ted,Mitford,tmitford8o@wikia.com
783542133,Dolli,Logesdale,dlogesdale8p@soup.io
708330858,Emile,Hebbs,ehebbs8q@businesswire.com
714426783,Danika,Wallman,dwallman8r@naver.com
712701333,Kendricks,Debrick,kdebrick8s@google.com
709494483,Gris,Streather,gstreather8t@mapy.cz
773373108,Brittney,Ortner,bortner8u@pcworld.com
715812258,Bernardine,Schiell,bschiell8v@techcrunch.com
778286433,Micki,Laville,mlaville8w@istockphoto.com
789270033,Brigid,Dews,bdews8x@youtu.be
711569433,Douglass,ducarme,dducarme8y@ebay.co.uk
720214833,Millie,Danelet,mdanelet8z@xinhuanet.com
709346133,Hinda,Gerdts,hgerdts90@icq.com
788194458,Pamelina,Adam,padam91@cloudflare.com
720779733,Osbourne,Wadham,owadham92@list-manage.com
717424458,Quinn,Robez,qrobez93@ebay.co.uk
708820308,Codi,Claughton,cclaughton94@usda.gov
710558058,Pauly,Stockford,pstockford95@salon.com
770590758,Montague,Sollime,msollime96@wikia.com
718490658,Dorrie,Calow,dcalow97@booking.com
711985833,Jone,Henker,jhenker98@bbb.org
708967608,Devora,Ramel,dramel99@constantcontact.com
718505958,Ninette,Brookton,nbrookton9a@mashable.com
715024233,Kristyn,McLernon,kmclernon9b@nyu.edu
779249583,Chandal,McKinie,cmckinie9c@nature.com
709278258,Kiah,Benne,kbenne9d@skype.com
778928283,Happy,Dorricott,hdorricott9e@goodreads.com
712299858,Kathie,Denty,kdenty9f@dailymail.co.uk
799224108,Vernor,Brandenburg,vbrandenburg9g@vk.com
809976033,Eileen,Gregori,egregori9h@bluehost.com
716203308,Toinette,Borgars,tborgars9i@jugem.jp
714871683,Jasmina,Smouten,jsmouten9j@is.gd
716139933,Michell,Pagram,mpagram9k@phpbb.com
716984658,Margret,Clemmens,mclemmens9l@trellian.com
713086008,Ursala,Caesar,ucaesar9m@deviantart.com
713773458,Lida,Chatelot,lchatelot9n@smugmug.com
719242533,Sylas,Lavin,slavin9o@instagram.com
772712658,Moyra,Batisse,mbatisse9p@virginia.edu
788868858,Sybille,Girkin,sgirkin9q@rambler.ru
811898133,Constancy,McMenamie,cmcmenamie9r@biglobe.ne.jp
788808633,Ronna,Kabos,rkabos9s@typepad.com
779804208,Marylee,McLoughlin,mmcloughlin9t@blinklist.com
781391058,Annabela,Hiers,ahiers9u@disqus.com
790134408,Carce,Niesegen,cniesegen9v@people.com.cn
788853258,David,Farney,dfarney9w@reddit.com
711857733,Kipp,McGurn,kmcgurn9x@weibo.com
822969858,Art,Thirkettle,athirkettle9y@nationalgeographic.com
719554758,Winfield,Goodfellow,wgoodfellow9z@people.com.cn
711643458,Maryjane,Luckes,mluckesa0@slideshare.net
788830683,Maitilde,Dalling,mdallinga1@slashdot.org
807030858,Edin,Beagles,ebeaglesa2@webeden.co.uk
793059108,Beverie,Durrett,bdurretta3@blogtalkradio.com
716568708,Abbey,Lamerton,alamertona4@opera.com
828281733,Millicent,McGlew,mmcglewa5@csmonitor.com
717229158,Pearce,Stiggles,pstigglesa6@biglobe.ne.jp
715915458,Waiter,Gatty,wgattya7@myspace.com
819129858,Lemuel,Perrin,lperrina8@about.me
713441958,Nicholas,Gaydon,ngaydona9@cam.ac.uk
719091333,Zandra,Woodford,zwoodfordaa@mtv.com
708666258,Ky,Sutworth,ksutworthab@merriam-webster.com
714914583,Burton,Ruppele,bruppeleac@mysql.com
714363858,Courtnay,Crinidge,ccrinidgead@sphinn.com
721347408,Ninnetta,Stennings,nstenningsae@clickbank.net
809608533,Cobb,Petrescu,cpetrescuaf@sun.com
772047183,Claresta,Burgis,cburgisag@slashdot.org
714217908,Zollie,Wren,zwrenah@sfgate.com
714819183,Lindy,Pembery,lpemberyai@list-manage.com
716455683,Galen,Pietzner,gpietzneraj@geocities.jp
710865633,Owen,Pinchen,opinchenak@aol.com
752952108,Ernst,Gilvear,egilvearal@live.com
712595433,Brandi,Jenner,bjenneram@google.com.br
714982383,Sander,Hakking,shakkingan@spotify.com
813814008,Jorgan,Blowers,jblowersao@artisteer.com
794545983,Brand,Kernaghan,bkernaghanap@mysql.com
708288108,Kin,Sporgeon,ksporgeonaq@woothemes.com
715585158,Monah,Dancey,mdanceyar@cpanel.net
810449883,Abey,Stuehmeyer,astuehmeyeras@mac.com
789863208,Kaleena,Goold,kgooldat@google.nl
715022133,Jolene,Bownas,jbownasau@cbsnews.com
712506708,Sheilakathryn,Knibb,sknibbav@ucoz.ru
715699983,Perri,Fellon,pfellonaw@fastcompany.com
818942433,Kerri,Hymers,khymersax@utexas.edu
712459233,Kristen,Radbone,kradboneay@princeton.edu
716545383,Kylen,Bourke,kbourkeaz@nbcnews.com
721144383,Lydon,Taggett,ltaggettb0@alibaba.com
821837958,Clementina,De Souza,cdesouzab1@paginegialle.it
804359133,Donetta,Bentjens,dbentjensb2@stumbleupon.com
713308683,Gib,Apfler,gapflerb3@npr.org
788780958,Bert,Poinsett,bpoinsettb4@privacy.gov.au
717354558,Jourdan,Veel,jveelb5@bloglovin.com
798473808,Alanah,Busswell,abusswellb6@yale.edu
712372158,Latia,Baise,lbaiseb7@edublogs.org
715192308,Jasmine,Skokoe,jskokoeb8@cafepress.com
708813033,Gian,McInnes,gmcinnesb9@microsoft.com
714639783,Deva,Bradnum,dbradnumba@ucoz.ru
709311633,Shane,Caldeyroux,scaldeyrouxbb@ustream.tv
709470858,Zahara,Avrahamof,zavrahamofbc@msn.com
717292758,Lothaire,Reeveley,lreeveleybd@bravesites.com
779241783,Antoinette,Dunsford,adunsfordbe@phpbb.com
715205358,Basilius,Spencer,bspencerbf@ovh.net
778871508,Cash,Stealy,cstealybg@yahoo.co.jp
779462433,Ephrem,Barnewelle,ebarnewellebh@usa.gov
710147958,Lolita,Corbridge,lcorbridgebi@a8.net
709864833,Valentino,Toman,vtomanbj@noaa.gov
778868958,Willy,Ainsby,wainsbybk@aboutads.info
717276708,Toinette,Sabberton,tsabbertonbl@buzzfeed.com
710004933,Nevsa,Romera,nromerabm@stanford.edu
753606108,Nicol,Gobel,ngobelbn@shop-pro.jp
710940183,Kip,Fransson,kfranssonbo@theatlantic.com
718927533,Leicester,Tomaszczyk,ltomaszczykbp@sbwire.com
719337408,Gardiner,Fraczkiewicz,gfraczkiewiczbq@cam.ac.uk
772308408,Violette,Surguine,vsurguinebr@ucsd.edu
712981383,Ximenez,Ickovitz,xickovitzbs@mlb.com
790099758,Cecilla,Dolling,cdollingbt@jigsy.com
709547658,Orren,Winsome,owinsomebu@weather.com
778770783,Irvin,Dingate,idingatebv@house.gov
713134458,Frants,Margaret,fmargaretbw@businessweek.com
712159083,Maribeth,Haslegrave,mhaslegravebx@wix.com
713639958,Theresina,Pydcock,tpydcockby@redcross.org
771180033,Georgie,Valentim,gvalentimbz@dyndns.org
717916758,Val,Shivell,vshivellc0@intel.com
711089733,Rosalinda,Coker,rcokerc1@nature.com
716988633,Kora,Gladebeck,kgladebeckc2@hao123.com
779031033,Ade,Costall,acostallc3@jiathis.com
716302383,Cazzie,Sculley,csculleyc4@arizona.edu
718281408,Jaquelin,Postle,jpostlec5@naver.com
721333233,Edi,Ewestace,eewestacec6@state.gov
794496033,Josiah,Bassingham,jbassinghamc7@miibeian.gov.cn
710519433,Rossie,Hugues,rhuguesc8@ehow.com
814995933,Shandy,Fredy,sfredyc9@themeforest.net
721469433,Fiorenze,Mauro,fmauroca@walmart.com
788386908,Ricki,Jerdein,rjerdeincb@vinaora.com
717198633,Ephrem,Eymer,eeymercc@godaddy.com
767695083,Aurora,Spradbrow,aspradbrowcd@yellowbook.com
711791583,Emmerich,Woolpert,ewoolpertce@wp.com
712315683,Rani,Yedy,ryedycf@google.co.jp
710038008,Stevena,Eastman,seastmancg@digg.com
789129033,Mariana,Overthrow,moverthrowch@cpanel.net
718349058,Zelig,Rzehorz,zrzehorzci@dailymotion.com
789842283,Waldo,Leglise,wleglisecj@1688.com
714513033,Rayna,Antyshev,rantyshevck@answers.com
714717483,Velvet,Shills,vshillscl@columbia.edu
714900408,Jenna,Pykett,jpykettcm@google.fr
719418933,Conney,Leveritt,cleverittcn@dion.ne.jp
720115683,Tatiania,Drohane,tdrohaneco@meetup.com
779504058,Fanchette,MacUchadair,fmacuchadaircp@businessweek.com
795979833,Ettie,Gresser,egressercq@deliciousdays.com
717392358,Graham,Kippins,gkippinscr@clickbank.net
718640508,Lay,Cushelly,lcushellycs@nature.com
803366358,Adam,Crafter,acrafterct@archive.org
709230708,Corbie,Farrey,cfarreycu@github.com
781794708,Haley,Dosedale,hdosedalecv@smh.com.au
801383808,Johnath,Eastcourt,jeastcourtcw@youku.com
710677608,Mariam,Hekkert,mhekkertcx@csmonitor.com
708217758,Demetris,Croom,dcroomcy@cisco.com
714272658,Erik,Kepling,ekeplingcz@e-recht24.de
717469158,Sherm,Mocker,smockerd0@wunderground.com
711864783,Ban,Bercher,bbercherd1@blogspot.com
719407983,Diane,Beamont,dbeamontd2@seattletimes.com
710665533,Stevy,Hainge,shainged3@fc2.com
716804283,Dwayne,Nicholas,dnicholasd4@ifeng.com
767294658,Burk,Tyrie,btyried5@census.gov
709122483,Lilith,Kliner,lklinerd6@dot.gov
708241233,Wolfy,Balcers,wbalcersd7@umich.edu
717860358,Libby,Gerriets,lgerrietsd8@liveinternet.ru
789337233,Rhea,Coulston,rcoulstond9@youku.com
720902133,Lucina,Deveraux,ldeverauxda@go.com
721043058,Phyllis,Jakobssen,pjakobssendb@oakley.com
711870333,Wylma,Hexum,whexumdc@cargocollective.com
708398283,Timofei,Berthod,tberthoddd@sogou.com
715878183,Jean,Henriksson,jhenrikssonde@imageshack.us
719451483,Gayle,Probart,gprobartdf@sphinn.com
709110633,Kimmie,Wrefford,kwrefforddg@independent.co.uk
721059033,Pennie,Giddons,pgiddonsdh@cnet.com
779912283,Aharon,O'Carrol,aocarroldi@instagram.com
717701733,Dian,Treble,dtrebledj@nytimes.com
709913733,Audre,Frearson,afrearsondk@aboutads.info
718768158,Marji,Cruickshank,mcruickshankdl@t.co
721375308,Shelba,Veltmann,sveltmanndm@marriott.com
711374283,Kasey,Boswood,kboswooddn@gnu.org
822893133,Murdoch,Jeyes,mjeyesdo@miitbeian.gov.cn
778465533,Shirlene,Tomaszek,stomaszekdp@answers.com
712138983,Chelsae,Milazzo,cmilazzodq@amazon.co.uk
716920908,Giff,Midford,gmidforddr@npr.org
708095133,Alena,Leitch,aleitchds@reference.com
711195558,Joelie,Leitch,jleitchdt@reddit.com
772735758,Rina,Donati,rdonatidu@quantcast.com
712024908,Manuel,Farnell,mfarnelldv@wired.com
778239933,Forest,Paty,fpatydw@homestead.com
714893733,Ophelia,Monument,omonumentdx@tripod.com
754886958,Elihu,Ilett,eilettdy@blogs.com
710104908,Alane,Larrington,alarringtondz@twitpic.com
710558883,Marie-jeanne,Ritch,mritche0@princeton.edu
713827383,Mitch,Barszczewski,mbarszczewskie1@irs.gov
720267033,Alberto,Screaton,ascreatone2@1und1.de
712049208,Darbie,Morgue,dmorguee3@hexun.com
708688608,Valida,Lampel,vlampele4@ucoz.ru
716223708,Gerry,Splaven,gsplavene5@java.com
713217858,Tait,Jeal,tjeale6@utexas.edu
819352983,Flora,Tarney,ftarneye7@theglobeandmail.com
711019308,Shae,Penelli,spenellie8@forbes.com
768600558,Raoul,Forrington,rforringtone9@blogs.com
710202783,Reggie,Shanklin,rshanklinea@quantcast.com
712899333,Lebbie,Windham,lwindhameb@auda.org.au
767036433,Maximilian,Hubbard,mhubbardec@unc.edu
793473033,Horton,Tweedie,htweedieed@spotify.com
721232058,Adella,Beckenham,abeckenhamee@yolasite.com
719443683,Ursulina,Pyvis,upyvisef@netscape.com
715449333,Roman,Klageman,rklagemaneg@hexun.com
717998058,Frasquito,Walbrook,fwalbrookeh@freewebs.com
779610033,Dolly,Allington,dallingtonei@blinklist.com
827332983,Sarene,Matiashvili,smatiashviliej@loc.gov
721183983,Willy,Berrow,wberrowek@europa.eu
718426533,Harriett,Handover,hhandoverel@trellian.com
710698233,Agnese,Greenrodd,agreenroddem@telegraph.co.uk
780253533,Marcello,Pont,mponten@rambler.ru
793581933,Kinna,Dooney,kdooneyeo@merriam-webster.com
719229708,Harris,Ingliby,hinglibyep@deliciousdays.com
715158483,Deborah,Gidley,dgidleyeq@weather.com
809296308,Orrin,Havenhand,ohavenhander@patch.com
778176108,Calv,Blindt,cblindtes@latimes.com
796532958,Andromache,Bickley,abickleyet@huffingtonpost.com
709345008,Johanna,Lesley,jlesleyeu@bluehost.com
717049533,Enos,Muxworthy,emuxworthyev@wikispaces.com
719366358,Chan,Durkin,cdurkinew@digg.com
721417233,Lucia,Cowlas,lcowlasex@nbcnews.com
711622683,Glendon,Dunnion,gdunnioney@engadget.com
714578283,Raynor,D'orsay,rdorsayez@ow.ly
769574883,Caryn,Ryal,cryalf0@bandcamp.com
717643608,Christalle,Marion,cmarionf1@vk.com
709198158,Vivienne,Moloney,vmoloneyf2@imageshack.us
712419708,Helaina,Wellsman,hwellsmanf3@1und1.de
709103358,Gabriellia,Ruddoch,gruddochf4@samsung.com
716966808,Friedrick,Edwardson,fedwardsonf5@flavors.me
772264383,Allison,Copello,acopellof6@histats.com
721057758,Lydon,Charman,lcharmanf7@issuu.com
769137108,Lauritz,Heddy,lheddyf8@dropbox.com
717640083,Timmie,Trime,ttrimef9@marriott.com
716445783,Isidore,Greenshiels,igreenshielsfa@blogspot.com
708579633,Jules,Durdy,jdurdyfb@wikimedia.org
718715583,Skipton,Waters,swatersfc@loc.gov
778686408,Adrien,Wurz,awurzfd@state.tx.us
715015683,Franchot,Normanvill,fnormanvillfe@cbc.ca
805254708,Esmeralda,Shimmans,eshimmansff@sina.com.cn
710462433,Meggie,Doumerque,mdoumerquefg@opensource.org
721342383,Joceline,Whitehead,jwhiteheadfh@printfriendly.com
720179883,Raul,Ranstead,rransteadfi@parallels.com
794977533,Kania,Coogan,kcooganfj@newsvine.com
779445108,Dionis,Lefeaver,dlefeaverfk@amazon.co.uk
718193958,Carri,Roth,crothfl@home.pl
710955633,Alvira,Weal,awealfm@usa.gov
716149383,Kai,Eldon,keldonfn@umich.edu
752604633,Alvy,Champniss,achampnissfo@unc.edu
713889933,Rogers,Angrock,rangrockfp@cam.ac.uk
709446783,Devland,Snugg,dsnuggfq@google.com.au
789115833,Olympie,Annes,oannesfr@seesaa.net
711242058,Elsi,Krolik,ekrolikfs@hubpages.com
787623858,Hubert,Gosland,hgoslandft@plala.or.jp
709040508,Taddeusz,Demko,tdemkofu@github.io
708864708,Alex,Prewett,aprewettfv@patch.com
717758583,Rinaldo,Roll,rrollfw@ftc.gov
715416633,Simmonds,Garvey,sgarveyfx@cocolog-nifty.com
717956283,Kingsley,Dripps,kdrippsfy@slideshare.net
721379433,Bel,Terne,bternefz@last.fm
712027683,Chiquia,Kamena,ckamenag0@cnn.com
716027208,Dillon,Vanini,dvaninig1@xing.com
720475233,Alberik,Valti,avaltig2@diigo.com
712275108,Charlene,Hallut,challutg3@scientificamerican.com
718121658,Agosto,Stratley,astratleyg4@reddit.com
711593808,Mahala,MacFaul,mmacfaulg5@ucsd.edu
716222808,Rickie,McGrayle,rmcgrayleg6@t.co
718731183,Binny,Zelake,bzelakeg7@photobucket.com
788779008,Hamilton,Wild,hwildg8@unesco.org
710404533,Kendal,Bosman,kbosmang9@sogou.com
711173058,Timmy,Kynge,tkyngega@wsj.com
715383108,Jules,Attack,jattackgb@ed.gov
711697158,Traci,Flecknell,tflecknellgc@wikispaces.com
709186983,Elvira,Enefer,eenefergd@e-recht24.de
808964433,Garvin,Brave,gbravege@storify.com
711948333,Kirsti,Dziwisz,kdziwiszgf@google.nl
710541858,Emylee,Baldrick,ebaldrickgg@bandcamp.com
713865333,Boris,Odlin,bodlingh@ft.com
797707008,Ailis,Dubber,adubbergi@github.io
713490483,Uta,Mocquer,umocquergj@stumbleupon.com
720370533,Hannie,Sellan,hsellangk@acquirethisname.com
779743908,Norbie,Bambery,nbamberygl@gmpg.org
718675158,Winnie,Sutty,wsuttygm@marketwatch.com
710784333,Everard,Rignall,erignallgn@homestead.com
816596583,Jedd,Gomery,jgomerygo@weather.com
717517758,Aldrich,Jeannel,ajeannelgp@economist.com
712880283,Ailis,Greenley,agreenleygq@ameblo.jp
753226158,Jarrad,Lownsbrough,jlownsbroughgr@histats.com
720605808,Kerri,Clappison,kclappisongs@pcworld.com
758317233,Kinny,McKeag,kmckeaggt@cornell.edu
711028308,Dev,Mc Faul,dmcfaulgu@webs.com
814852533,Rina,Goacher,rgoachergv@economist.com
711526533,Merle,Longshaw,mlongshawgw@cmu.edu
804403908,Loralee,Grealish,lgrealishgx@reverbnation.com
716999883,Truman,Sephton,tsephtongy@unicef.org
716452083,Ninnette,McGriffin,nmcgriffingz@xrea.com
787599258,Chicky,Bubbear,cbubbearh0@ycombinator.com
714495258,Fran,Mingame,fmingameh1@sina.com.cn
717713283,Atalanta,Squier,asquierh2@eepurl.com
789317883,Lynnett,Grigorini,lgrigorinih3@nbcnews.com
714500883,Alfie,Roach,aroachh4@quantcast.com
789467508,Zane,Harrild,zharrildh5@1688.com
710317758,Shayne,Sweating,ssweatingh6@loc.gov
711231558,Israel,Beardsdale,ibeardsdaleh7@xrea.com
716829483,Nerita,Olifaunt,nolifaunth8@webeden.co.uk
779713608,Basil,Fairney,bfairneyh9@mit.edu
711628458,Noni,Dirand,ndirandha@bizjournals.com
718943508,Cheri,Klink,cklinkhb@youku.com
770724558,Karlee,Egginton,keggintonhc@networkadvertising.org
783561558,Jenilee,Hargitt,jhargitthd@tinyurl.com
719309958,Giulietta,Sperrett,gsperretthe@google.nl
788785083,Regen,Bert,rberthf@mediafire.com
780481308,Toni,Bamfield,tbamfieldhg@elpais.com
711757383,Lynnelle,Pavlenkov,lpavlenkovhh@deliciousdays.com
787550808,Velma,Vaulkhard,vvaulkhardhi@forbes.com
779863533,Wendie,Gomby,wgombyhj@linkedin.com
714529233,Cammy,Baggett,cbaggetthk@businessweek.com
708177333,Englebert,Browne,ebrownehl@ftc.gov
812019933,Zackariah,Shorbrook,zshorbrookhm@prnewswire.com
708557358,Tuck,Ping,tpinghn@sina.com.cn
713580633,Allissa,Ballin,aballinho@hubpages.com
711466533,Ricki,Klossmann,rklossmannhp@elegantthemes.com
802276683,Woodman,Ingry,wingryhq@homestead.com
780913308,Iorgos,Jakoubek,ijakoubekhr@phoca.cz
808897683,Josy,Rankmore,jrankmorehs@deviantart.com
719428308,Christine,Fryman,cfrymanht@hostgator.com
713010483,Ahmad,Huge,ahugehu@people.com.cn
717006333,Bastian,Beardsall,bbeardsallhv@privacy.gov.au
787621158,Saunderson,Giovanazzi,sgiovanazzihw@webeden.co.uk
716924058,Perri,Veness,pvenesshx@meetup.com
720916683,Trstram,Lambie,tlambiehy@comsenz.com
720923658,Michelle,Thom,mthomhz@jigsy.com
712710708,Magdaia,Trudgeon,mtrudgeoni0@icq.com
718939083,Oneida,Lepope,olepopei1@wsj.com
779519058,Chiquita,Etherton,cethertoni2@cnn.com
719085933,Deni,Cathrall,dcathralli3@amazon.de
715124958,Lonny,Philippault,lphilippaulti4@amazon.de
712979133,Cyb,Bartaletti,cbartalettii5@alibaba.com
712006308,Gerrie,Stockford,gstockfordi6@sogou.com
710801133,Judye,Heyns,jheynsi7@yahoo.co.jp
712490283,Darsie,Petegree,dpetegreei8@hibu.com
720071583,Demetris,Moneypenny,dmoneypennyi9@apple.com
717958833,Lynda,Grabeham,lgrabehamia@google.de
812420358,Diandra,Camillo,dcamilloib@shinystat.com
712370208,Gabriello,Milburn,gmilburnic@forbes.com
715940358,Jackqueline,Mapson,jmapsonid@sakura.ne.jp
715041333,Ian,Benam,ibenamie@kickstarter.com
712797258,Florian,Duffrie,fduffrieif@wikispaces.com
769170558,Briant,Winger,bwingerig@ocn.ne.jp
715884858,Olivie,Muat,omuatih@mayoclinic.com
796343058,Odelinda,Carlon,ocarlonii@icq.com
783910008,Amy,Dombrell,adombrellij@eventbrite.com
718888308,Denni,Reynish,dreynishik@skype.com
785114808,Vale,Rame,vrameil@about.com
709852908,Stanfield,McGaraghan,smcgaraghanim@state.tx.us
823528833,Yves,Tomsett,ytomsettin@geocities.jp
719679858,Lorie,Gilleson,lgillesonio@so-net.ne.jp
827108583,Eyde,Pharo,epharoip@google.com.br
787833333,Drusilla,Veelers,dveelersiq@reuters.com
719781183,Shepperd,Vain,svainir@goodreads.com
710429358,Liam,Quarless,lquarlessis@blog.com
798792408,Marlo,Bernardet,mbernardetit@google.ca
710280558,Charlean,Natwick,cnatwickiu@huffingtonpost.com
809825358,Cristiano,Mechem,cmechemiv@ca.gov
714451833,Margot,Domoney,mdomoneyiw@elpais.com
713943783,Silvana,De Clairmont,sdeclairmontix@timesonline.co.uk
710706558,Tootsie,Manntschke,tmanntschkeiy@miibeian.gov.cn
713620308,Berni,Merle,bmerleiz@gmpg.org
813453408,Arlana,Whitehall,awhitehallj0@liveinternet.ru
818248383,Legra,Armitage,larmitagej1@fda.gov
780106908,Heall,Hazeldine,hhazeldinej2@xrea.com
708938508,Reider,Mattityahou,rmattityahouj3@tamu.edu
709671708,Dulcia,Petegree,dpetegreej4@biblegateway.com
711204483,Deedee,Huntly,dhuntlyj5@princeton.edu
801728658,Eveleen,Lingley,elingleyj6@sitemeter.com
713945883,Warden,Hankinson,whankinsonj7@myspace.com
779558733,Nicholas,Lathan,nlathanj8@whitehouse.gov
788370258,Tonia,Hutcheons,thutcheonsj9@homestead.com
714927333,Merline,Oret,moretja@blinklist.com
710383158,Joella,Balnave,jbalnavejb@bloglines.com
798007308,Mattie,Devenish,mdevenishjc@un.org
711768858,Brod,Ruffey,bruffeyjd@cdc.gov
714888633,Thibaut,Fulks,tfulksje@shinystat.com
712650333,Lona,Kidds,lkiddsjf@google.com.au
719945433,Rolph,Mechic,rmechicjg@pen.io
720310458,Kalie,Bennellick,kbennellickjh@java.com
718344033,Blondie,Arnatt,barnattji@bloglines.com
715442958,Darnell,Ashmole,dashmolejj@usatoday.com
780326883,Olin,Degoe,odegoejk@sina.com.cn
711157833,Lise,Iacapucci,liacapuccijl@vinaora.com
719704308,Linzy,Hayworth,lhayworthjm@msu.edu
708772308,Arlan,Radloff,aradloffjn@shutterfly.com
817663908,Celestyna,Goff,cgoffjo@washington.edu
780054258,Myron,Millam,mmillamjp@blogtalkradio.com
709990983,Temple,Maxted,tmaxtedjq@tinyurl.com
818045958,Mozelle,Jotham,mjothamjr@geocities.jp
716380683,Dot,O'Hagan,dohaganjs@hibu.com
787480158,Yasmin,Bartholomieu,ybartholomieujt@typepad.com
778461408,Marge,Kubala,mkubalaju@nytimes.com
713861733,Amberly,Churchin,achurchinjv@feedburner.com
789291633,Shaun,Mobbs,smobbsjw@wired.com
789513858,Corbin,Lakeland,clakelandjx@reuters.com
778357458,Annadiane,Deetch,adeetchjy@globo.com
718325883,Lev,Serris,lserrisjz@bloglines.com
720344658,Nonah,Peplaw,npeplawk0@1688.com
809292483,Poul,Hurring,phurringk1@oaic.gov.au
779791008,Tersina,Bartosinski,tbartosinskik2@nature.com
779557533,Levin,MacSporran,lmacsporrank3@phoca.cz
795904233,Cad,Garroway,cgarrowayk4@omniture.com
710573808,Tatiania,Womersley,twomersleyk5@sphinn.com
717418158,Stephine,Keedy,skeedyk6@wsj.com
771963708,Dom,Aimson,daimsonk7@reddit.com
712433508,Ezra,Hawlgarth,ehawlgarthk8@howstuffworks.com
779320983,Del,Briscam,dbriscamk9@earthlink.net
718093233,Kippie,Scrace,kscraceka@acquirethisname.com
719459358,Neile,Fomichkin,nfomichkinkb@youku.com
717728808,Faina,Shurville,fshurvillekc@altervista.org
788701608,Hollyanne,Cominello,hcominellokd@webs.com
778506633,Gayla,Chater,gchaterke@sciencedaily.com
719989008,Ruthe,Ten Broek,rtenbroekkf@netlog.com
791839233,Lorenza,Grennan,lgrennankg@mozilla.org
716918508,Jo,Muxworthy,jmuxworthykh@tiny.cc
717321783,Valencia,Magister,vmagisterki@earthlink.net
799000008,Brennan,Godart,bgodartkj@spiegel.de
721517208,Erie,Gouinlock,egouinlockkk@sina.com.cn
719068683,Helenka,Meininger,hmeiningerkl@dagondesign.com
709120008,Howard,Redihalgh,hredihalghkm@amazon.co.jp
709117533,Adan,Pesselt,apesseltkn@army.mil
816594183,Florella,Chawner,fchawnerko@washington.edu
789485433,Reece,Hesbrook,rhesbrookkp@irs.gov
712881483,Gilberte,Czyz,gczyzkq@angelfire.com
712689333,Cami,Rawood,crawoodkr@jalbum.net
771492408,North,Medcraft,nmedcraftks@twitter.com
711668283,Mira,Weal,mwealkt@businesswire.com
772684833,Skippie,Saddington,ssaddingtonku@wisc.edu
712960308,Miquela,Dadson,mdadsonkv@wired.com
713530833,Jeno,Scarth,jscarthkw@t.co
756065433,Ceil,Kryszkiecicz,ckryszkieciczkx@tmall.com
710997183,Dorolice,Nowill,dnowillky@bbb.org
711146358,Gillian,Severns,gsevernskz@posterous.com
716144058,Amalia,Corcut,acorcutl0@dedecms.com
778699908,Frasco,Wellstood,fwellstoodl1@howstuffworks.com
713571258,Daisy,Verissimo,dverissimol2@slate.com
711676908,Avie,Oliveira,aoliveiral3@jalbum.net
719315508,Andi,Hallett,ahallettl4@state.tx.us
778623858,Bobinette,Dunsleve,bdunslevel5@icq.com
714665733,Ezmeralda,Buye,ebuyel6@europa.eu
816089433,Cherilyn,Vasyatkin,cvasyatkinl7@ustream.tv
716991933,Cyrille,Jiru,cjirul8@list-manage.com
714534108,Isabelle,Trimbey,itrimbeyl9@adobe.com
787456608,Agna,Cuningham,acuninghamla@xinhuanet.com
717090183,Aurea,Garbett,agarbettlb@biglobe.ne.jp
772782708,Glynis,Bartul,gbartullc@thetimes.co.uk
710722908,Alethea,Dorkens,adorkensld@icq.com
795155433,Siana,Sarsons,ssarsonsle@yandex.ru
715271733,Rosabella,Dobrovsky,rdobrovskylf@gnu.org
771706308,Ange,Purchase,apurchaselg@illinois.edu
713989233,Filippa,Trundler,ftrundlerlh@people.com.cn
780198258,Eugen,Studders,estuddersli@wikipedia.org
802002858,Carmita,Joriot,cjoriotlj@ucoz.com
716290233,Anatole,Casini,acasinilk@go.com
828298908,Carissa,Dunlop,cdunlopll@mapquest.com
788946783,Arney,Pratt,aprattlm@si.edu
720697908,Hobard,Ensley,hensleyln@sphinn.com
780598383,Nelly,Cranmor,ncranmorlo@networksolutions.com
715345833,Sabrina,Seaward,sseawardlp@linkedin.com
710831133,Arch,McCallister,amccallisterlq@marriott.com
766706358,Gwendolyn,Layman,glaymanlr@facebook.com
816533733,Palm,Kirtlan,pkirtlanls@bbb.org
712373208,Liana,Seniour,lseniourlt@forbes.com
721433283,Rhody,Picheford,rpichefordlu@paypal.com
720680058,Spike,Samett,ssamettlv@cnbc.com
716909283,Bonnibelle,McAneny,bmcanenylw@cyberchimps.com
754654383,Kaylee,Slides,kslideslx@mozilla.com
719226333,Ricky,Soffe,rsoffely@cbslocal.com
779759058,Kaitlyn,Willford,kwillfordlz@cocolog-nifty.com
718206783,Quintin,Vant,qvantm0@miibeian.gov.cn
715783758,Shalne,Hallbord,shallbordm1@squidoo.com
771190083,Andreas,Triggs,atriggsm2@boston.com
713135883,Lissa,Stille,lstillem3@buzzfeed.com
778799583,Corliss,Mussotti,cmussottim4@webs.com
808796208,Benedikta,Styles,bstylesm5@slashdot.org
708313608,Halette,Keeler,hkeelerm6@yahoo.com
779330208,Lulita,Wisham,lwishamm7@ehow.com
794498733,Jeanine,Sleicht,jsleichtm8@bbc.co.uk
807964908,Candra,Dowey,cdoweym9@biglobe.ne.jp
823845783,Hobey,Postians,hpostiansma@oracle.com
711748983,Philbert,Ziehm,pziehmmb@whitehouse.gov
718064283,Mathew,Danskine,mdanskinemc@spotify.com
710492733,Chester,Kellie,ckelliemd@chronoengine.com
779016408,Alanson,Elcom,aelcomme@storify.com
717787533,Audra,Alderwick,aalderwickmf@paginegialle.it
714851058,Minette,Tocqueville,mtocquevillemg@nba.com
823535133,Kennedy,Skryne,kskrynemh@miibeian.gov.cn
708455883,Bronson,Jancar,bjancarmi@storify.com
780095808,Cyril,Fidock,cfidockmj@blinklist.com
709207458,Avivah,Sarle,asarlemk@buzzfeed.com
763895958,Leicester,Athersmith,lathersmithml@merriam-webster.com
715942683,Farrel,Stobart,fstobartmm@rakuten.co.jp
721301733,Kiersten,Brownsell,kbrownsellmn@prweb.com
711927108,Horst,Mazzey,hmazzeymo@bigcartel.com
718083483,Jacynth,Stennard,jstennardmp@mayoclinic.com
717548358,Gertruda,Dils,gdilsmq@walmart.com
816829608,Yolanthe,Chritchlow,ychritchlowmr@google.com.au
713936583,Cherilyn,Pering,cperingms@mayoclinic.com
709682658,Adelice,Hindmoor,ahindmoormt@hhs.gov
793889508,Auberta,Sissland,asisslandmu@cbc.ca
714648933,Delmore,Abrahamian,dabrahamianmv@mapquest.com
711556533,Bibbye,Ferriby,bferribymw@howstuffworks.com
717420333,Terence,Jakab,tjakabmx@shop-pro.jp
768921933,Karlotta,Plum,kplummy@apple.com
714311583,Piotr,Picot,ppicotmz@quantcast.com
717707133,Nikola,Gasnoll,ngasnolln0@flavors.me
716043258,Sayre,Panchen,spanchenn1@zimbio.com
716343408,Armando,Fear,afearn2@cisco.com
718909158,Lorrin,Penritt,lpenrittn3@youtu.be
719471433,Maritsa,Leven,mlevenn4@ovh.net
712763808,Raeann,Poli,rpolin5@rediff.com
711147483,Sayre,Leet,sleetn6@examiner.com
719788833,Skippy,Luckman,sluckmann7@cdc.gov
715168983,Valerie,Mannix,vmannixn8@ocn.ne.jp
714306258,Lida,Potteridge,lpotteridgen9@sbwire.com
713828208,Franky,Holbury,fholburyna@meetup.com
710574558,Mordy,Sculpher,msculphernb@meetup.com
710947683,Moses,Wilshin,mwilshinnc@so-net.ne.jp
711113958,Marjory,Claringbold,mclaringboldnd@washington.edu
718923858,Erinna,Ingall,eingallne@ehow.com
752666508,Rickert,Weems,rweemsnf@prweb.com
712672083,Georgeanne,D' Angelo,gdangelong@fda.gov
719863758,Arel,Cowx,acowxnh@sakura.ne.jp
720990183,Merell,Buckland,mbucklandni@thetimes.co.uk
720718908,Shawnee,Dorian,sdoriannj@cam.ac.uk
721250358,Felicity,McLenaghan,fmclenaghannk@telegraph.co.uk
779773533,Cletus,Loughney,cloughneynl@cnn.com
708249708,Gwenette,Redwing,gredwingnm@nature.com
713967783,Faber,MacGilpatrick,fmacgilpatricknn@wix.com
779506158,Dahlia,Seemmonds,dseemmondsno@omniture.com
759823158,Jolyn,Giorio,jgiorionp@ameblo.jp
716608608,Pail,Ianni,pianninq@blogs.com
789528183,Doroteya,Body,dbodynr@studiopress.com
708895158,Aldis,Farmar,afarmarns@feedburner.com
824805858,Erna,O'Crevan,eocrevannt@redcross.org
720840108,Annalise,Sherringham,asherringhamnu@tmall.com
787595658,Lambert,Godbert,lgodbertnv@biblegateway.com
720244983,Sumner,Rapp,srappnw@networksolutions.com
713220258,Emory,Cavy,ecavynx@fotki.com
813469458,Mignonne,Broxup,mbroxupny@cyberchimps.com
788939358,Allie,Wiggin,awigginnz@mediafire.com
718870158,Son,Gatling,sgatlingo0@biglobe.ne.jp
788673708,Angel,Espy,aespyo1@state.tx.us
711809283,Nonna,Rawlison,nrawlisono2@washington.edu
816513108,Harvey,Midford,hmidfordo3@msu.edu
718594608,Devonna,Blaes,dblaeso4@last.fm
823606983,Lainey,Ewington,lewingtono5@miibeian.gov.cn
717028158,Linell,Darington,ldaringtono6@ezinearticles.com
788485908,Myranda,Dannell,mdannello7@patch.com
714472608,Mano,Holtaway,mholtawayo8@newsvine.com
710793783,Antonella,Schmuhl,aschmuhlo9@shinystat.com
794340033,Kelcy,Gehrts,kgehrtsoa@patch.com
716462658,Andree,Faragan,afaraganob@cnet.com
718050033,Dale,Khan,dkhanoc@fotki.com
714023808,Kele,Pilgrim,kpilgrimod@washingtonpost.com
716341833,Ram,Andrini,randrinioe@gov.uk
719648358,Chilton,Camocke,ccamockeof@cdc.gov
816600933,Gill,Gellately,ggellatelyog@salon.com
714208533,Marin,Duke,mdukeoh@tripadvisor.com
713095533,Madella,Fosbraey,mfosbraeyoi@wix.com
809967783,Courtenay,Milbourne,cmilbourneoj@prweb.com
715848408,Bentlee,Hoofe,bhoofeok@samsung.com
714414483,Stephie,Reeman,sreemanol@multiply.com
708655983,Stacy,Buxy,sbuxyom@google.com.br
720426708,Michal,Kilfedder,mkilfedderon@icq.com
713743158,Chadd,Zmitrovich,czmitrovichoo@mail.ru
721279083,Erroll,Mosby,emosbyop@csmonitor.com
779149683,Sara-ann,Towndrow,stowndrowoq@mashable.com
714970458,Jobie,Longstaff,jlongstaffor@mlb.com
719070108,Blaine,O'Flaverty,boflavertyos@netscape.com
715490733,Ree,Tryhorn,rtryhornot@discovery.com
714989583,Terza,Reuble,treubleou@statcounter.com
820355433,Alexis,Sedworth,asedworthov@prnewswire.com
715901508,Brendan,Marzelli,bmarzelliow@spotify.com
710370483,Fran,Rauprich,frauprichox@wordpress.org
778573233,Trudi,Dykins,tdykinsoy@europa.eu
708833133,Lothaire,Blasik,lblasikoz@wikispaces.com
719885883,Lia,Dreghorn,ldreghornp0@nytimes.com
712523283,Linette,Billham,lbillhamp1@mysql.com
711309033,Basil,Dunn,bdunnp2@microsoft.com
708134283,Kerr,Caunter,kcaunterp3@cocolog-nifty.com
720147633,Emmy,Nardrup,enardrupp4@theguardian.com
708983658,Alard,Agnew,aagnewp5@bizjournals.com
766285608,Gib,Ogers,gogersp6@statcounter.com
779715108,Franky,Eadmeades,feadmeadesp7@youtu.be
798035358,Dulcy,Hayto,dhaytop8@posterous.com
719391783,Quint,Sapena,qsapenap9@newsvine.com
809342208,Brigit,Jovey,bjoveypa@tripod.com
780713058,Hayden,Klesel,hkleselpb@angelfire.com
779338683,Shirl,Freiburger,sfreiburgerpc@de.vu
783387783,Elicia,Trowbridge,etrowbridgepd@toplist.cz
787800108,Jarib,Wheway,jwhewaype@bravesites.com
721397808,Herbie,Tappor,htapporpf@blogtalkradio.com
778698408,Theresina,Garfath,tgarfathpg@geocities.jp
709545333,Theadora,Stephen,tstephenph@jalbum.net
716032233,Cathee,Screwton,cscrewtonpi@nasa.gov
717835908,Chrysa,Harradine,charradinepj@domainmarket.com
719466558,Roslyn,Areles,rarelespk@facebook.com
778663458,Emogene,Davern,edavernpl@bing.com
716024808,Lee,O'Brian,lobrianpm@e-recht24.de
713008308,Bret,Titcumb,btitcumbpn@nsw.gov.au
794831733,Royall,Crimp,rcrimppo@ucoz.ru
713854608,Blondie,Bernardotte,bbernardottepp@bloglines.com
715993608,Liana,Oliphant,loliphantpq@nature.com
789368658,Clarey,Lief,cliefpr@bluehost.com
802817358,Mellie,Kynastone,mkynastoneps@dailymotion.com
708098133,Clayborn,Capstack,ccapstackpt@howstuffworks.com
801499908,Desmond,Kegley,dkegleypu@ucsd.edu
824770683,Olive,Kendle,okendlepv@stumbleupon.com
718310733,Karlens,MacRannell,kmacrannellpw@arizona.edu
708162558,Sharline,Fincken,sfinckenpx@japanpost.jp
721129383,Elsa,Radclyffe,eradclyffepy@fc2.com
721249158,Ivonne,Oxburgh,ioxburghpz@multiply.com
721049658,Bram,Spira,bspiraq0@elpais.com
806392908,Alvis,MacNess,amacnessq1@mlb.com
714886533,Leeland,Blanchette,lblanchetteq2@networkadvertising.org
772375533,Corey,Cicchelli,ccicchelliq3@dailymail.co.uk
826775058,Guillemette,Le Blond,gleblondq4@xrea.com
711878733,Maurine,Levett,mlevettq5@deviantart.com
714550383,Annadiana,Daveridge,adaveridgeq6@twitter.com
712636308,Lonnie,Junkinson,ljunkinsonq7@deviantart.com
772139433,Cherish,Artz,cartzq8@dailymail.co.uk
709058808,Saidee,Finney,sfinneyq9@joomla.org
813240408,Kit,Jakab,kjakabqa@usa.gov
767753958,Wendell,Rosoman,wrosomanqb@trellian.com
710111733,Dorry,Sowood,dsowoodqc@csmonitor.com
761544333,Livia,Misk,lmiskqd@g.co
788814783,Lura,Mcall,lmcallqe@netvibes.com
715034358,Hatti,Brien,hbrienqf@phoca.cz
709624533,Steve,Phuprate,sphuprateqg@squarespace.com
709942383,Ermentrude,Keeton,ekeetonqh@springer.com
803957508,Yevette,Hawkeridge,yhawkeridgeqi@google.com.br
713378133,Elliott,Boynes,eboynesqj@omniture.com
709217358,Nicolea,Jiran,njiranqk@myspace.com
720998358,Mandi,Jeppe,mjeppeql@sbwire.com
721051908,Stepha,Gurrado,sgurradoqm@globo.com
715232058,Zsazsa,Meatyard,zmeatyardqn@sfgate.com
806250783,Cort,Magson,cmagsonqo@altervista.org
817245183,Sean,Sambedge,ssambedgeqp@webeden.co.uk
713670333,Melissa,O'Garmen,mogarmenqq@trellian.com
826477083,Alexi,Surcombe,asurcombeqr@sourceforge.net
788728608,Ev,Gasticke,egastickeqs@mysql.com
717190533,Harri,Yesson,hyessonqt@cmu.edu
716580033,Bing,Thomasen,bthomasenqu@technorati.com
711644508,Maxine,Tomlett,mtomlettqv@tmall.com
714334383,Lisle,Selwin,lselwinqw@washingtonpost.com
720611058,Dorisa,Dorrington,ddorringtonqx@sohu.com
712420833,Andrea,Forth,aforthqy@npr.org
713845083,Earlie,Rumsey,erumseyqz@nyu.edu
713756508,Neilla,Drew,ndrewr0@jiathis.com
735565158,Winnah,Lethcoe,wlethcoer1@multiply.com
714131058,Carlin,Brimacombe,cbrimacomber2@prlog.org
717180633,Gayle,Scowcroft,gscowcroftr3@miitbeian.gov.cn
717295683,Maye,Grosvenor,mgrosvenorr4@mayoclinic.com
713128833,Jeffie,Burchfield,jburchfieldr5@oracle.com
813499458,Emmeline,Signe,esigner6@cbslocal.com
710070183,Courtnay,Fessler,cfesslerr7@technorati.com
789605658,Gae,Aven,gavenr8@loc.gov
710045058,Kevina,Lodwig,klodwigr9@bandcamp.com
710164683,Stefano,Asaaf,sasaafra@google.it
710802258,Trisha,Askin,taskinrb@dailymotion.com
721036233,Marlena,Mabe,mmaberc@cmu.edu
710036508,Berty,Copper,bcopperrd@linkedin.com
717776808,Avie,Snarr,asnarrre@ucoz.com
714906033,Joye,Lanmeid,jlanmeidrf@typepad.com
714273708,Kerby,Channing,kchanningrg@soup.io
721117533,Gilles,Ashard,gashardrh@aboutads.info
715374558,Alyssa,Kinnerley,akinnerleyri@arizona.edu
824807658,Sharleen,Walisiak,swalisiakrj@ebay.com
714940608,Mannie,Parcall,mparcallrk@businesswire.com
824782008,Hayden,Sudy,hsudyrl@com.com
717561108,Lucius,Suero,lsuerorm@va.gov
717127083,Maxie,Miquelet,mmiqueletrn@blogs.com
772460508,Packston,Rawlison,prawlisonro@tinypic.com
720484908,Putnam,Francino,pfrancinorp@booking.com
771237933,Imogen,Karpe,ikarperq@gov.uk
794664183,Nell,McGebenay,nmcgebenayrr@godaddy.com
